"id","sequence","name","name@es","name@ca","auto_apply","vat_required","country_id","country_group_id","tax_ids/tax_src_id","tax_ids/tax_dest_id","account_ids/account_src_id","account_ids/account_dest_id"

"fp_canary","1","Régimen Islas Canarias","Régimen Islas Canarias","Régimen Islas Canarias","1","1","base.es","","","","",""

"fp_extra_canary","4","Régimen Extracomunitario Islas Canarias","Régimen Extracomunitario Islas Canarias","Régimen Extracomunitario Islas Canarias","1","","base.es","","account_tax_template_p_igic0_bc","account_tax_template_s_igic0b","",""
"","","","","","","","","","account_tax_template_p_igic0_inv_bc","account_tax_template_p_igic0_imp_inv_bc","",""
"","","","","","","","","","account_tax_template_p_igic0_bc","account_tax_template_p_igic0_imp_bc","",""
"","","","","","","","","","account_tax_template_p_igic3_inv_bc","account_tax_template_p_igic3_imp_inv_bc","",""
"","","","","","","","","","account_tax_template_p_igic3_bc","account_tax_template_p_igic3_imp_bc","",""
"","","","","","","","","","account_tax_template_p_igic7_inv_bc","account_tax_template_p_igic7_imp_inv_bc","",""
"","","","","","","","","","account_tax_template_p_igic7_bc","account_tax_template_p_igic7_imp_bc","",""
"","","","","","","","","","account_tax_template_p_igic95_inv_bc","account_tax_template_p_igic95_imp_inv_bc","",""
"","","","","","","","","","account_tax_template_p_igic95_bc","account_tax_template_p_igic95_imp_bc","",""
"","","","","","","","","","account_tax_template_p_igic15_bc","account_tax_template_p_igic15_imp_bc","",""
"","","","","","","","","","account_tax_template_p_igic15_inv_bc","account_tax_template_p_igic15_imp_inv_bc","",""
"","","","","","","","","","account_tax_template_p_igic20_bc","account_tax_template_p_igic20_imp_bc","",""
"","","","","","","","","","account_tax_template_p_igic20_inv_bc","account_tax_template_p_igic20_imp_inv_bc","",""
"","","","","","","","","","account_tax_template_s_igic0b","account_tax_template_s_igic_ex0b","",""
"","","","","","","","","","account_tax_template_s_igic3b","account_tax_template_s_igic_ex0b","",""
"","","","","","","","","","account_tax_template_s_igic7b","account_tax_template_s_igic_ex0b","",""
"","","","","","","","","","account_tax_template_s_igic95b","account_tax_template_s_igic_ex0b","",""
"","","","","","","","","","account_tax_template_s_igic15b","account_tax_template_s_igic_ex0b","",""
"","","","","","","","","","account_tax_template_s_igic20b","account_tax_template_s_igic_ex0b","",""

"fp_recargo_canary","","Recargo de Equivalencia Islas Canarias (Importación)","Recargo de Equivalencia Islas Canarias (Importación)","Recargo de Equivalencia Islas Canarias (Importación)","","","base.es","","","","",""
"","","","","","","","","","account_tax_template_p_igic0_inv_bc","account_tax_template_p_igic0_imp_inv_bc","",""
"","","","","","","","","","account_tax_template_p_igic0_inv_bc","account_tax_template_p_igic0_re_bc","",""
"","","","","","","","","","account_tax_template_p_igic0_bc","account_tax_template_p_igic0_imp_bc","",""
"","","","","","","","","","account_tax_template_p_igic0_bc","account_tax_template_p_igic0_re_bc","",""
"","","","","","","","","","account_tax_template_p_igic3_inv_bc","account_tax_template_p_igic3_imp_inv_bc","",""
"","","","","","","","","","account_tax_template_p_igic3_inv_bc","account_tax_template_p_igic03_re_bc","",""
"","","","","","","","","","account_tax_template_p_igic3_bc","account_tax_template_p_igic3_imp_bc","",""
"","","","","","","","","","account_tax_template_p_igic3_bc","account_tax_template_p_igic03_re_bc","",""
"","","","","","","","","","account_tax_template_p_igic7_inv_bc","account_tax_template_p_igic7_imp_inv_bc","",""
"","","","","","","","","","account_tax_template_p_igic7_inv_bc","account_tax_template_p_igic07_re_bc","",""
"","","","","","","","","","account_tax_template_p_igic7_bc","account_tax_template_p_igic7_imp_bc","",""
"","","","","","","","","","account_tax_template_p_igic7_bc","account_tax_template_p_igic07_re_bc","",""
"","","","","","","","","","account_tax_template_p_igic95_inv_bc","account_tax_template_p_igic95_imp_inv_bc","",""
"","","","","","","","","","account_tax_template_p_igic95_inv_bc","account_tax_template_p_igic095_re_bc","",""
"","","","","","","","","","account_tax_template_p_igic95_bc","account_tax_template_p_igic95_imp_bc","",""
"","","","","","","","","","account_tax_template_p_igic95_bc","account_tax_template_p_igic095_re_bc","",""
"","","","","","","","","","account_tax_template_p_igic15_inv_bc","account_tax_template_p_igic15_imp_inv_bc","",""
"","","","","","","","","","account_tax_template_p_igic15_inv_bc","account_tax_template_p_igic15_re_bc","",""
"","","","","","","","","","account_tax_template_p_igic15_bc","account_tax_template_p_igic15_imp_bc","",""
"","","","","","","","","","account_tax_template_p_igic15_bc","account_tax_template_p_igic15_re_bc","",""
"","","","","","","","","","account_tax_template_p_igic20_inv_bc","account_tax_template_p_igic20_imp_inv_bc","",""
"","","","","","","","","","account_tax_template_p_igic20_inv_bc","account_tax_template_p_igic20_re_bc","",""
"","","","","","","","","","account_tax_template_p_igic20_bc","account_tax_template_p_igic20_imp_bc","",""
"","","","","","","","","","account_tax_template_p_igic20_bc","account_tax_template_p_igic20_re_bc","",""

"fp_irpf9_canary","","Retención IRPF 9% Islas Canarias","Retención IRPF 9% Islas Canarias","Retención IRPF 9% Islas Canarias","","","base.es","","","","",""
"","","","","","","","","","account_tax_template_s_igic0b","account_tax_template_s_igic0b","",""
"","","","","","","","","","account_tax_template_s_igic0b","account_tax_template_s_irpf9","",""
"","","","","","","","","","account_tax_template_s_igic3b","account_tax_template_s_igic3b","",""
"","","","","","","","","","account_tax_template_s_igic3b","account_tax_template_s_irpf9","",""
"","","","","","","","","","account_tax_template_s_igic7b","account_tax_template_s_igic7b","",""
"","","","","","","","","","account_tax_template_s_igic7b","account_tax_template_s_irpf9","",""
"","","","","","","","","","account_tax_template_s_igic95b","account_tax_template_s_igic95b","",""
"","","","","","","","","","account_tax_template_s_igic95b","account_tax_template_s_irpf9","",""
"","","","","","","","","","account_tax_template_s_igic15b","account_tax_template_s_igic15b","",""
"","","","","","","","","","account_tax_template_s_igic15b","account_tax_template_s_irpf9","",""
"","","","","","","","","","account_tax_template_s_igic20b","account_tax_template_s_igic20b","",""
"","","","","","","","","","account_tax_template_s_igic20b","account_tax_template_s_irpf9","",""
"","","","","","","","","","account_tax_template_p_igic0_inv_bc","account_tax_template_p_igic0_inv_bc","",""
"","","","","","","","","","account_tax_template_p_igic0_inv_bc","account_tax_template_p_irpf9","",""
"","","","","","","","","","account_tax_template_p_igic0_bc","account_tax_template_p_igic0_bc","",""
"","","","","","","","","","account_tax_template_p_igic0_bc","account_tax_template_p_irpf9","",""
"","","","","","","","","","account_tax_template_p_igic3_inv_bc","account_tax_template_p_igic3_inv_bc","",""
"","","","","","","","","","account_tax_template_p_igic3_inv_bc","account_tax_template_p_irpf9","",""
"","","","","","","","","","account_tax_template_p_igic3_bc","account_tax_template_p_igic3_bc","",""
"","","","","","","","","","account_tax_template_p_igic3_bc","account_tax_template_p_irpf9","",""
"","","","","","","","","","account_tax_template_p_igic7_inv_bc","account_tax_template_p_igic7_inv_bc","",""
"","","","","","","","","","account_tax_template_p_igic7_inv_bc","account_tax_template_p_irpf9","",""
"","","","","","","","","","account_tax_template_p_igic7_bc","account_tax_template_p_igic7_bc","",""
"","","","","","","","","","account_tax_template_p_igic7_bc","account_tax_template_p_irpf9","",""
"","","","","","","","","","account_tax_template_p_igic95_inv_bc","account_tax_template_p_igic95_inv_bc","",""
"","","","","","","","","","account_tax_template_p_igic95_inv_bc","account_tax_template_p_irpf9","",""
"","","","","","","","","","account_tax_template_p_igic95_bc","account_tax_template_p_igic95_bc","",""
"","","","","","","","","","account_tax_template_p_igic95_bc","account_tax_template_p_irpf9","",""
"","","","","","","","","","account_tax_template_p_igic15_inv_bc","account_tax_template_p_igic15_inv_bc","",""
"","","","","","","","","","account_tax_template_p_igic15_inv_bc","account_tax_template_p_irpf9","",""
"","","","","","","","","","account_tax_template_p_igic15_bc","account_tax_template_p_igic15_bc","",""
"","","","","","","","","","account_tax_template_p_igic15_bc","account_tax_template_p_irpf9","",""
"","","","","","","","","","account_tax_template_p_igic20_inv_bc","account_tax_template_p_igic20_inv_bc","",""
"","","","","","","","","","account_tax_template_p_igic20_inv_bc","account_tax_template_p_irpf9","",""
"","","","","","","","","","account_tax_template_p_igic20_bc","account_tax_template_p_igic20_bc","",""
"","","","","","","","","","account_tax_template_p_igic20_bc","account_tax_template_p_irpf9","",""

"fp_irpf15_canary","","Retención IRPF 15% Islas Canarias","Retención IRPF 15% Islas Canarias","Retención IRPF 15% Islas Canarias","","","base.es","","","","",""
"","","","","","","","","","account_tax_template_s_igic0b","account_tax_template_s_igic0b","",""
"","","","","","","","","","account_tax_template_s_igic0b","account_tax_template_s_irpf15","",""
"","","","","","","","","","account_tax_template_s_igic3b","account_tax_template_s_igic3b","",""
"","","","","","","","","","account_tax_template_s_igic3b","account_tax_template_s_irpf15","",""
"","","","","","","","","","account_tax_template_s_igic7b","account_tax_template_s_igic7b","",""
"","","","","","","","","","account_tax_template_s_igic7b","account_tax_template_s_irpf15","",""
"","","","","","","","","","account_tax_template_s_igic95b","account_tax_template_s_igic95b","",""
"","","","","","","","","","account_tax_template_s_igic95b","account_tax_template_s_irpf15","",""
"","","","","","","","","","account_tax_template_s_igic15b","account_tax_template_s_igic15b","",""
"","","","","","","","","","account_tax_template_s_igic15b","account_tax_template_s_irpf15","",""
"","","","","","","","","","account_tax_template_s_igic20b","account_tax_template_s_igic20b","",""
"","","","","","","","","","account_tax_template_s_igic20b","account_tax_template_s_irpf15","",""
"","","","","","","","","","account_tax_template_p_igic0_inv_bc","account_tax_template_p_igic0_inv_bc","",""
"","","","","","","","","","account_tax_template_p_igic0_inv_bc","account_tax_template_p_irpf15","",""
"","","","","","","","","","account_tax_template_p_igic0_bc","account_tax_template_p_igic0_bc","",""
"","","","","","","","","","account_tax_template_p_igic0_bc","account_tax_template_p_irpf15","",""
"","","","","","","","","","account_tax_template_p_igic3_inv_bc","account_tax_template_p_igic3_inv_bc","",""
"","","","","","","","","","account_tax_template_p_igic3_inv_bc","account_tax_template_p_irpf15","",""
"","","","","","","","","","account_tax_template_p_igic3_bc","account_tax_template_p_igic3_bc","",""
"","","","","","","","","","account_tax_template_p_igic3_bc","account_tax_template_p_irpf15","",""
"","","","","","","","","","account_tax_template_p_igic7_inv_bc","account_tax_template_p_igic7_inv_bc","",""
"","","","","","","","","","account_tax_template_p_igic7_inv_bc","account_tax_template_p_irpf15","",""
"","","","","","","","","","account_tax_template_p_igic7_bc","account_tax_template_p_igic7_bc","",""
"","","","","","","","","","account_tax_template_p_igic7_bc","account_tax_template_p_irpf15","",""
"","","","","","","","","","account_tax_template_p_igic95_inv_bc","account_tax_template_p_igic95_inv_bc","",""
"","","","","","","","","","account_tax_template_p_igic95_inv_bc","account_tax_template_p_irpf15","",""
"","","","","","","","","","account_tax_template_p_igic95_bc","account_tax_template_p_igic95_bc","",""
"","","","","","","","","","account_tax_template_p_igic95_bc","account_tax_template_p_irpf15","",""
"","","","","","","","","","account_tax_template_p_igic15_inv_bc","account_tax_template_p_igic15_inv_bc","",""
"","","","","","","","","","account_tax_template_p_igic15_inv_bc","account_tax_template_p_irpf15","",""
"","","","","","","","","","account_tax_template_p_igic15_bc","account_tax_template_p_igic15_bc","",""
"","","","","","","","","","account_tax_template_p_igic15_bc","account_tax_template_p_irpf15","",""
"","","","","","","","","","account_tax_template_p_igic20_inv_bc","account_tax_template_p_igic20_inv_bc","",""
"","","","","","","","","","account_tax_template_p_igic20_inv_bc","account_tax_template_p_irpf15","",""
"","","","","","","","","","account_tax_template_p_igic20_bc","account_tax_template_p_igic20_bc","",""
"","","","","","","","","","account_tax_template_p_igic20_bc","account_tax_template_p_irpf15","",""

"fp_irpf19_canary","","Retención IRPF 19% Islas Canarias","Retención IRPF 19% Islas Canarias","Retención IRPF 19% Islas Canarias","","","base.es","","","","",""
"","","","","","","","","","account_tax_template_s_igic0b","account_tax_template_s_igic0b","",""
"","","","","","","","","","account_tax_template_s_igic0b","account_tax_template_s_irpf19","",""
"","","","","","","","","","account_tax_template_s_igic3b","account_tax_template_s_igic3b","",""
"","","","","","","","","","account_tax_template_s_igic3b","account_tax_template_s_irpf19","",""
"","","","","","","","","","account_tax_template_s_igic7b","account_tax_template_s_igic7b","",""
"","","","","","","","","","account_tax_template_s_igic7b","account_tax_template_s_irpf19","",""
"","","","","","","","","","account_tax_template_s_igic95b","account_tax_template_s_igic95b","",""
"","","","","","","","","","account_tax_template_s_igic95b","account_tax_template_s_irpf19","",""
"","","","","","","","","","account_tax_template_s_igic15b","account_tax_template_s_igic15b","",""
"","","","","","","","","","account_tax_template_s_igic15b","account_tax_template_s_irpf19","",""
"","","","","","","","","","account_tax_template_s_igic20b","account_tax_template_s_igic20b","",""
"","","","","","","","","","account_tax_template_s_igic20b","account_tax_template_s_irpf19","",""
"","","","","","","","","","account_tax_template_p_igic0_inv_bc","account_tax_template_p_igic0_inv_bc","",""
"","","","","","","","","","account_tax_template_p_igic0_inv_bc","account_tax_template_p_irpf19","",""
"","","","","","","","","","account_tax_template_p_igic0_bc","account_tax_template_p_igic0_bc","",""
"","","","","","","","","","account_tax_template_p_igic0_bc","account_tax_template_p_irpf19","",""
"","","","","","","","","","account_tax_template_p_igic3_inv_bc","account_tax_template_p_igic3_inv_bc","",""
"","","","","","","","","","account_tax_template_p_igic3_inv_bc","account_tax_template_p_irpf19","",""
"","","","","","","","","","account_tax_template_p_igic3_bc","account_tax_template_p_igic3_bc","",""
"","","","","","","","","","account_tax_template_p_igic3_bc","account_tax_template_p_irpf19","",""
"","","","","","","","","","account_tax_template_p_igic7_inv_bc","account_tax_template_p_igic7_inv_bc","",""
"","","","","","","","","","account_tax_template_p_igic7_inv_bc","account_tax_template_p_irpf19","",""
"","","","","","","","","","account_tax_template_p_igic7_bc","account_tax_template_p_igic7_bc","",""
"","","","","","","","","","account_tax_template_p_igic7_bc","account_tax_template_p_irpf19","",""
"","","","","","","","","","account_tax_template_p_igic95_inv_bc","account_tax_template_p_igic95_inv_bc","",""
"","","","","","","","","","account_tax_template_p_igic95_inv_bc","account_tax_template_p_irpf19","",""
"","","","","","","","","","account_tax_template_p_igic95_bc","account_tax_template_p_igic95_bc","",""
"","","","","","","","","","account_tax_template_p_igic95_bc","account_tax_template_p_irpf19","",""
"","","","","","","","","","account_tax_template_p_igic15_inv_bc","account_tax_template_p_igic15_inv_bc","",""
"","","","","","","","","","account_tax_template_p_igic15_inv_bc","account_tax_template_p_irpf19","",""
"","","","","","","","","","account_tax_template_p_igic15_bc","account_tax_template_p_igic15_bc","",""
"","","","","","","","","","account_tax_template_p_igic15_bc","account_tax_template_p_irpf19","",""
"","","","","","","","","","account_tax_template_p_igic20_inv_bc","account_tax_template_p_igic20_inv_bc","",""
"","","","","","","","","","account_tax_template_p_igic20_inv_bc","account_tax_template_p_irpf19","",""
"","","","","","","","","","account_tax_template_p_igic20_bc","account_tax_template_p_igic20_bc","",""
"","","","","","","","","","account_tax_template_p_igic20_bc","account_tax_template_p_irpf19","",""

"fp_ispn_canary","","Inversion del Sujeto Pasivo Islas Canarias","Inversion del Sujeto Pasivo Islas Canarias","Inversion del Sujeto Pasivo Islas Canarias","","","base.es","","","","",""
"","","","","","","","","","account_tax_template_p_igic0_inv_bc","account_tax_template_p_igic_ISP0bc","",""
"","","","","","","","","","account_tax_template_p_igic0_bc","account_tax_template_p_igic_ISP0bc","",""
"","","","","","","","","","account_tax_template_p_igic3_inv_bc","account_tax_template_p_igic_ISP3bc","",""
"","","","","","","","","","account_tax_template_p_igic3_bc","account_tax_template_p_igic_ISP3bc","",""
"","","","","","","","","","account_tax_template_p_igic7_inv_bc","account_tax_template_p_igic_ISP7bc","",""
"","","","","","","","","","account_tax_template_p_igic7_bc","account_tax_template_p_igic_ISP7bc","",""
"","","","","","","","","","account_tax_template_p_igic95_inv_bc","account_tax_template_p_igic_ISP95bc","",""
"","","","","","","","","","account_tax_template_p_igic95_bc","account_tax_template_p_igic_ISP95bc","",""
"","","","","","","","","","account_tax_template_p_igic15_inv_bc","account_tax_template_p_igic_ISP15bc","",""
"","","","","","","","","","account_tax_template_p_igic15_bc","account_tax_template_p_igic_ISP15bc","",""
"","","","","","","","","","account_tax_template_p_igic20_inv_bc","account_tax_template_p_igic_ISP20bc","",""
"","","","","","","","","","account_tax_template_p_igic20_bc","account_tax_template_p_igic_ISP20bc","",""
"","","","","","","","","","account_tax_template_s_igic0b","account_tax_template_s_igic_ISP0b","",""
"","","","","","","","","","account_tax_template_s_igic3b","account_tax_template_s_igic_ISP3b","",""
"","","","","","","","","","account_tax_template_s_igic7b","account_tax_template_s_igic_ISP7b","",""
"","","","","","","","","","account_tax_template_s_igic95b","account_tax_template_s_igic_ISP95b","",""
"","","","","","","","","","account_tax_template_s_igic15b","account_tax_template_s_igic_ISP15b","",""
"","","","","","","","","","account_tax_template_s_igic20b","account_tax_template_s_igic_ISP20b","",""

"fp_retailer_canary","","Régimen Minoristas Islas Canarias","Régimen Minoristas Islas Canarias","Régimen Minoristas Islas Canarias","","","base.es","","","","",""
"","","","","","","","","","account_tax_template_s_igic0b","account_tax_template_s_igic_cmino_b","",""
"","","","","","","","","","account_tax_template_s_igic3b","account_tax_template_s_igic_cmino_b","",""
"","","","","","","","","","account_tax_template_s_igic7b","account_tax_template_s_igic_cmino_b","",""
"","","","","","","","","","account_tax_template_s_igic95b","account_tax_template_s_igic_cmino_b","",""
"","","","","","","","","","account_tax_template_s_igic15b","account_tax_template_s_igic_cmino_b","",""
"","","","","","","","","","account_tax_template_s_igic20b","account_tax_template_s_igic_cmino_b","",""
"","","","","","","","","","account_tax_template_p_igic0_bc","account_tax_template_p_igic_cmino_bc","",""
"","","","","","","","","","account_tax_template_p_igic3_bc","account_tax_template_p_igic3_cmino_bc","",""
"","","","","","","","","","account_tax_template_p_igic7_bc","account_tax_template_p_igic7_cmino_bc","",""
"","","","","","","","","","account_tax_template_p_igic95_bc","account_tax_template_p_igic95_cmino_bc","",""
"","","","","","","","","","account_tax_template_p_igic15_bc","account_tax_template_p_igic15_cmino_bc","",""
"","","","","","","","","","account_tax_template_p_igic20_bc","account_tax_template_p_igic20_cmino_bc","",""




"fp_nacional","1","Domestic","Régimen Nacional","Règim nacional","1","1","base.es","","","","",""
"fp_intra_private","2","EU private","EU privado","EU privat","1","","","base.europe","","","",""
"fp_intra","3","Intra-community","Régimen Intracomunitario","Règim intracomunitari","1","1","","base.europe","account_tax_template_p_iva0_s_bc","account_tax_template_p_iva0_ic_bc","",""
"","","","","","","","","","account_tax_template_p_iva0_s_sc","account_tax_template_p_iva0_ic_sc","",""
"","","","","","","","","","account_tax_template_p_iva4_bc","account_tax_template_p_iva4_ic_bc","",""
"","","","","","","","","","account_tax_template_p_iva4_sc","account_tax_template_p_iva4_sp_in","",""
"","","","","","","","","","account_tax_template_p_iva4_bi","account_tax_template_p_iva4_ic_bi","",""
"","","","","","","","","","account_tax_template_p_iva5_bc","account_tax_template_p_iva5_ic_bc","",""
"","","","","","","","","","account_tax_template_p_iva5_sc","account_tax_template_p_iva5_ic_sc","",""
"","","","","","","","","","account_tax_template_p_iva10_bc","account_tax_template_p_iva10_ic_bc","",""
"","","","","","","","","","account_tax_template_p_iva10_sc","account_tax_template_p_iva10_sp_in","",""
"","","","","","","","","","account_tax_template_p_iva10_bi","account_tax_template_p_iva10_ic_bi","",""
"","","","","","","","","","account_tax_template_p_iva21_bc","account_tax_template_p_iva21_ic_bc","",""
"","","","","","","","","","account_tax_template_p_iva21_sc","account_tax_template_p_iva21_sp_in","",""
"","","","","","","","","","account_tax_template_p_iva21_bi","account_tax_template_p_iva21_ic_bi","",""
"","","","","","","","","","account_tax_template_s_iva0b","account_tax_template_s_iva0_ic","",""
"","","","","","","","","","account_tax_template_s_iva0s","account_tax_template_s_iva0_sp_i","",""
"","","","","","","","","","account_tax_template_s_iva4b","account_tax_template_s_iva0_ic","",""
"","","","","","","","","","account_tax_template_s_iva4s","account_tax_template_s_iva0_sp_i","",""
"","","","","","","","","","account_tax_template_s_iva5b","account_tax_template_s_iva0_ic","",""
"","","","","","","","","","account_tax_template_s_iva5s","account_tax_template_s_iva0_sp_i","",""
"","","","","","","","","","account_tax_template_s_iva10b","account_tax_template_s_iva0_ic","",""
"","","","","","","","","","account_tax_template_s_iva10s","account_tax_template_s_iva0_sp_i","",""
"","","","","","","","","","account_tax_template_s_iva21b","account_tax_template_s_iva0_ic","",""
"","","","","","","","","","account_tax_template_s_iva21s","account_tax_template_s_iva0_sp_i","",""
"","","","","","","","","","account_tax_template_s_iva21isp","account_tax_template_s_iva0_ic","",""
"","","","","","","","","","","","account_common_7000","account_common_7001"
"","","","","","","","","","","","account_common_7010","account_common_7011"
"","","","","","","","","","","","account_common_7020","account_common_7021"
"","","","","","","","","","","","account_common_7030","account_common_7031"
"","","","","","","","","","","","account_common_7040","account_common_7041"
"","","","","","","","","","","","account_common_7050","account_common_7051"
"fp_extra","4","Extra-community","Régimen Extracomunitario","Règim extracomunitari","1","","","","account_tax_template_p_iva0_s_bc","account_tax_template_p_iva0_ibc","",""
"","","","","","","","","","account_tax_template_p_iva0_s_sc","account_tax_template_p_iva0_isc","",""
"","","","","","","","","","account_tax_template_p_iva4_bc","account_tax_template_p_dua_exempt","",""
"","","","","","","","","","account_tax_template_p_iva4_sc","account_tax_template_p_iva4_sp_ex","",""
"","","","","","","","","","account_tax_template_p_iva4_bi","account_tax_template_p_iva4_ibi","",""
"","","","","","","","","","account_tax_template_p_iva5_bc","account_tax_template_p_dua_exempt","",""
"","","","","","","","","","account_tax_template_p_iva5_sc","account_tax_template_p_iva5_isc","",""
"","","","","","","","","","account_tax_template_p_iva10_bc","account_tax_template_p_dua_exempt","",""
"","","","","","","","","","account_tax_template_p_iva10_sc","account_tax_template_p_iva10_sp_ex","",""
"","","","","","","","","","account_tax_template_p_iva10_bi","account_tax_template_p_iva10_ibi","",""
"","","","","","","","","","account_tax_template_p_iva21_bc","account_tax_template_p_dua_exempt","",""
"","","","","","","","","","account_tax_template_p_iva21_sc","account_tax_template_p_iva21_sp_ex","",""
"","","","","","","","","","account_tax_template_p_iva21_bi","account_tax_template_p_iva21_ibi","",""
"","","","","","","","","","account_tax_template_s_iva0b","account_tax_template_s_iva0_e","",""
"","","","","","","","","","account_tax_template_s_iva0s","account_tax_template_s_iva_e","",""
"","","","","","","","","","account_tax_template_s_iva4b","account_tax_template_s_iva0_e","",""
"","","","","","","","","","account_tax_template_s_iva4s","account_tax_template_s_iva_e","",""
"","","","","","","","","","account_tax_template_s_iva5b","account_tax_template_s_iva0_e","",""
"","","","","","","","","","account_tax_template_s_iva5s","account_tax_template_s_iva_e","",""
"","","","","","","","","","account_tax_template_s_iva10b","account_tax_template_s_iva0_e","",""
"","","","","","","","","","account_tax_template_s_iva10s","account_tax_template_s_iva_e","",""
"","","","","","","","","","account_tax_template_s_iva21b","account_tax_template_s_iva0_e","",""
"","","","","","","","","","account_tax_template_s_iva21s","account_tax_template_s_iva_e","",""
"","","","","","","","","","account_tax_template_s_iva21isp","account_tax_template_s_iva0_e","",""
"","","","","","","","","","","","account_common_7000","account_common_7002"
"","","","","","","","","","","","account_common_7010","account_common_7012"
"","","","","","","","","","","","account_common_7020","account_common_7022"
"","","","","","","","","","","","account_common_7030","account_common_7032"
"","","","","","","","","","","","account_common_7040","account_common_7042"
"","","","","","","","","","","","account_common_7050","account_common_7052"
"fp_not_subject_tai","","Regime not subject to localization rules","Régimen No sujeto por reglas de localización","Règim no sotmès a regles de localització","","","","","account_tax_template_p_iva4_bc","account_tax_template_p_iva0_ns_b","",""
"","","","","","","","","","account_tax_template_p_iva4_sc","account_tax_template_p_iva0_ns","",""
"","","","","","","","","","account_tax_template_p_iva4_bi","account_tax_template_p_iva0_ns_b","",""
"","","","","","","","","","account_tax_template_p_iva10_bc","account_tax_template_p_iva0_ns_b","",""
"","","","","","","","","","account_tax_template_p_iva10_sc","account_tax_template_p_iva0_ns","",""
"","","","","","","","","","account_tax_template_p_iva10_bi","account_tax_template_p_iva0_ns_b","",""
"","","","","","","","","","account_tax_template_p_iva21_bc","account_tax_template_p_iva0_ns_b","",""
"","","","","","","","","","account_tax_template_p_iva21_sc","account_tax_template_p_iva0_ns","",""
"","","","","","","","","","account_tax_template_p_iva21_bi","account_tax_template_p_iva0_ns_b","",""
"","","","","","","","","","account_tax_template_s_iva4b","account_tax_template_s_iva_ns_b","",""
"","","","","","","","","","account_tax_template_s_iva4s","account_tax_template_s_iva_ns","",""
"","","","","","","","","","account_tax_template_s_iva10b","account_tax_template_s_iva_ns_b","",""
"","","","","","","","","","account_tax_template_s_iva10s","account_tax_template_s_iva_ns","",""
"","","","","","","","","","account_tax_template_s_iva21b","account_tax_template_s_iva_ns_b","",""
"","","","","","","","","","account_tax_template_s_iva21s","account_tax_template_s_iva_ns","",""
"","","","","","","","","","account_tax_template_s_iva21isp","account_tax_template_s_iva_ns_b","",""
"fp_recargo","","Equivalence surcharge","Recargo de Equivalencia","Recàrrec d’equivalència","","","","","account_tax_template_s_iva0b","account_tax_template_s_iva0b","",""
"","","","","","","","","","account_tax_template_s_iva0b","account_tax_template_s_req0","",""
"","","","","","","","","","account_tax_template_s_iva0s","account_tax_template_s_iva0s","",""
"","","","","","","","","","account_tax_template_s_iva0s","account_tax_template_s_req0","",""
"","","","","","","","","","account_tax_template_s_iva4b","account_tax_template_s_iva4b","",""
"","","","","","","","","","account_tax_template_s_iva4b","account_tax_template_s_req05","",""
"","","","","","","","","","account_tax_template_s_iva4s","account_tax_template_s_iva4s","",""
"","","","","","","","","","account_tax_template_s_iva4s","account_tax_template_s_req05","",""
"","","","","","","","","","account_tax_template_s_iva5b","account_tax_template_s_iva5b","",""
"","","","","","","","","","account_tax_template_s_iva5b","account_tax_template_s_req062","",""
"","","","","","","","","","account_tax_template_s_iva5s","account_tax_template_s_iva5s","",""
"","","","","","","","","","account_tax_template_s_iva5s","account_tax_template_s_req062","",""
"","","","","","","","","","account_tax_template_s_iva10b","account_tax_template_s_iva10b","",""
"","","","","","","","","","account_tax_template_s_iva10b","account_tax_template_s_req014","",""
"","","","","","","","","","account_tax_template_s_iva10s","account_tax_template_s_iva10s","",""
"","","","","","","","","","account_tax_template_s_iva10s","account_tax_template_s_req014","",""
"","","","","","","","","","account_tax_template_s_iva21b","account_tax_template_s_iva21b","",""
"","","","","","","","","","account_tax_template_s_iva21b","account_tax_template_s_req52","",""
"","","","","","","","","","account_tax_template_s_iva21s","account_tax_template_s_iva21s","",""
"","","","","","","","","","account_tax_template_s_iva21s","account_tax_template_s_req52","",""
"","","","","","","","","","account_tax_template_s_iva21isp","account_tax_template_s_iva21isp","",""
"","","","","","","","","","account_tax_template_s_iva21isp","account_tax_template_s_req52","",""
"","","","","","","","","","account_tax_template_p_iva0_s_bc","account_tax_template_p_iva0_s_bc","",""
"","","","","","","","","","account_tax_template_p_iva0_s_bc","account_tax_template_p_req0","",""
"","","","","","","","","","account_tax_template_p_iva0_s_sc","account_tax_template_p_iva0_s_sc","",""
"","","","","","","","","","account_tax_template_p_iva0_s_sc","account_tax_template_p_req0","",""
"","","","","","","","","","account_tax_template_p_iva4_bc","account_tax_template_p_iva4_bc","",""
"","","","","","","","","","account_tax_template_p_iva4_bc","account_tax_template_p_req05","",""
"","","","","","","","","","account_tax_template_p_iva4_sc","account_tax_template_p_iva4_sc","",""
"","","","","","","","","","account_tax_template_p_iva4_sc","account_tax_template_p_req05","",""
"","","","","","","","","","account_tax_template_p_iva4_bi","account_tax_template_p_iva4_bi","",""
"","","","","","","","","","account_tax_template_p_iva4_bi","account_tax_template_p_req05","",""
"","","","","","","","","","account_tax_template_p_iva5_bc","account_tax_template_p_iva5_bc","",""
"","","","","","","","","","account_tax_template_p_iva5_bc","account_tax_template_p_req062","",""
"","","","","","","","","","account_tax_template_p_iva5_sc","account_tax_template_p_iva5_sc","",""
"","","","","","","","","","account_tax_template_p_iva5_sc","account_tax_template_p_req062","",""
"","","","","","","","","","account_tax_template_p_iva10_bc","account_tax_template_p_iva10_bc","",""
"","","","","","","","","","account_tax_template_p_iva10_bc","account_tax_template_p_req014","",""
"","","","","","","","","","account_tax_template_p_iva10_sc","account_tax_template_p_iva10_sc","",""
"","","","","","","","","","account_tax_template_p_iva10_sc","account_tax_template_p_req014","",""
"","","","","","","","","","account_tax_template_p_iva10_bi","account_tax_template_p_iva10_bi","",""
"","","","","","","","","","account_tax_template_p_iva10_bi","account_tax_template_p_req014","",""
"","","","","","","","","","account_tax_template_p_iva21_bc","account_tax_template_p_iva21_bc","",""
"","","","","","","","","","account_tax_template_p_iva21_bc","account_tax_template_p_req52","",""
"","","","","","","","","","account_tax_template_p_iva21_sc","account_tax_template_p_iva21_sc","",""
"","","","","","","","","","account_tax_template_p_iva21_sc","account_tax_template_p_req52","",""
"","","","","","","","","","account_tax_template_p_iva21_bi","account_tax_template_p_iva21_bi","",""
"","","","","","","","","","account_tax_template_p_iva21_bi","account_tax_template_p_req52","",""
"fp_recargo_isp","","ISP reseller equivalence surcharge","Recargo de Equivalencia Revendedor con ISP","Recàrrec d’equivalència revenedor amb ISP","","","","","account_tax_template_s_iva4b","account_tax_template_s_iva4b","",""
"","","","","","","","","","account_tax_template_s_iva4b","account_tax_template_s_req05","",""
"","","","","","","","","","account_tax_template_s_iva4s","account_tax_template_s_iva4s","",""
"","","","","","","","","","account_tax_template_s_iva4s","account_tax_template_s_req05","",""
"","","","","","","","","","account_tax_template_s_iva10b","account_tax_template_s_iva10b","",""
"","","","","","","","","","account_tax_template_s_iva10b","account_tax_template_s_req014","",""
"","","","","","","","","","account_tax_template_s_iva10s","account_tax_template_s_iva10s","",""
"","","","","","","","","","account_tax_template_s_iva10s","account_tax_template_s_req014","",""
"","","","","","","","","","account_tax_template_s_iva21b","account_tax_template_s_iva21b","",""
"","","","","","","","","","account_tax_template_s_iva21b","account_tax_template_s_req52","",""
"","","","","","","","","","account_tax_template_s_iva21s","account_tax_template_s_iva21s","",""
"","","","","","","","","","account_tax_template_s_iva21s","account_tax_template_s_req52","",""
"","","","","","","","","","account_tax_template_s_iva21isp","account_tax_template_s_iva0_isp","",""
"","","","","","","","","","account_tax_template_p_iva4_bc","account_tax_template_p_iva4_bc","",""
"","","","","","","","","","account_tax_template_p_iva4_bc","account_tax_template_p_req05","",""
"","","","","","","","","","account_tax_template_p_iva4_sc","account_tax_template_p_iva4_sc","",""
"","","","","","","","","","account_tax_template_p_iva4_sc","account_tax_template_p_req05","",""
"","","","","","","","","","account_tax_template_p_iva4_bi","account_tax_template_p_iva4_bi","",""
"","","","","","","","","","account_tax_template_p_iva4_bi","account_tax_template_p_req05","",""
"","","","","","","","","","account_tax_template_p_iva10_bc","account_tax_template_p_iva10_bc","",""
"","","","","","","","","","account_tax_template_p_iva10_bc","account_tax_template_p_req014","",""
"","","","","","","","","","account_tax_template_p_iva10_sc","account_tax_template_p_iva10_sc","",""
"","","","","","","","","","account_tax_template_p_iva10_sc","account_tax_template_p_req014","",""
"","","","","","","","","","account_tax_template_p_iva10_bi","account_tax_template_p_iva10_bi","",""
"","","","","","","","","","account_tax_template_p_iva10_bi","account_tax_template_p_req014","",""
"","","","","","","","","","account_tax_template_p_iva21_bc","account_tax_template_p_iva21_bc","",""
"","","","","","","","","","account_tax_template_p_iva21_bc","account_tax_template_p_req52","",""
"","","","","","","","","","account_tax_template_p_iva21_sc","account_tax_template_p_iva21_sc","",""
"","","","","","","","","","account_tax_template_p_iva21_sc","account_tax_template_p_req52","",""
"","","","","","","","","","account_tax_template_p_iva21_bi","account_tax_template_p_iva21_bi","",""
"","","","","","","","","","account_tax_template_p_iva21_bi","account_tax_template_p_req52","",""
"fp_irpf1","","Personal income tax withholding 1%","Retención IRPF 1%","Retenció IRPF 1%","","","","","account_tax_template_s_iva21b","account_tax_template_s_iva21b","",""
"","","","","","","","","","account_tax_template_s_iva21b","account_tax_template_s_irpf1","",""
"","","","","","","","","","account_tax_template_s_iva21isp","account_tax_template_s_iva21isp","",""
"","","","","","","","","","account_tax_template_s_iva21isp","account_tax_template_s_irpf1","",""
"","","","","","","","","","account_tax_template_s_iva21s","account_tax_template_s_iva21s","",""
"","","","","","","","","","account_tax_template_s_iva21s","account_tax_template_s_irpf1","",""
"","","","","","","","","","account_tax_template_s_iva10b","account_tax_template_s_iva10b","",""
"","","","","","","","","","account_tax_template_s_iva10b","account_tax_template_s_irpf1","",""
"","","","","","","","","","account_tax_template_s_iva10s","account_tax_template_s_iva10s","",""
"","","","","","","","","","account_tax_template_s_iva10s","account_tax_template_s_irpf1","",""
"","","","","","","","","","account_tax_template_s_iva4b","account_tax_template_s_iva4b","",""
"","","","","","","","","","account_tax_template_s_iva4b","account_tax_template_s_irpf1","",""
"","","","","","","","","","account_tax_template_s_iva4s","account_tax_template_s_iva4s","",""
"","","","","","","","","","account_tax_template_s_iva4s","account_tax_template_s_irpf1","",""
"","","","","","","","","","account_tax_template_s_iva0","account_tax_template_s_iva0","",""
"","","","","","","","","","account_tax_template_s_iva0","account_tax_template_s_irpf1","",""
"","","","","","","","","","account_tax_template_s_iva0_ns","account_tax_template_s_iva0_ns","",""
"","","","","","","","","","account_tax_template_s_iva0_ns","account_tax_template_s_irpf1","",""
"","","","","","","","","","account_tax_template_p_iva21_bc","account_tax_template_p_iva21_bc","",""
"","","","","","","","","","account_tax_template_p_iva21_bc","account_tax_template_p_irpf1","",""
"","","","","","","","","","account_tax_template_p_iva21_sc","account_tax_template_p_iva21_sc","",""
"","","","","","","","","","account_tax_template_p_iva21_sc","account_tax_template_p_irpf1","",""
"","","","","","","","","","account_tax_template_p_iva10_bc","account_tax_template_p_iva10_bc","",""
"","","","","","","","","","account_tax_template_p_iva10_bc","account_tax_template_p_irpf1","",""
"","","","","","","","","","account_tax_template_p_iva10_sc","account_tax_template_p_iva10_sc","",""
"","","","","","","","","","account_tax_template_p_iva10_sc","account_tax_template_p_irpf1","",""
"","","","","","","","","","account_tax_template_p_iva4_bc","account_tax_template_p_iva4_bc","",""
"","","","","","","","","","account_tax_template_p_iva4_bc","account_tax_template_p_irpf1","",""
"","","","","","","","","","account_tax_template_p_iva4_sc","account_tax_template_p_iva4_sc","",""
"","","","","","","","","","account_tax_template_p_iva4_sc","account_tax_template_p_irpf1","",""
"","","","","","","","","","account_tax_template_p_iva0_bc","account_tax_template_p_iva0_bc","",""
"","","","","","","","","","account_tax_template_p_iva0_bc","account_tax_template_p_irpf1","",""
"","","","","","","","","","account_tax_template_p_iva0_ns_b","account_tax_template_p_iva0_ns_b","",""
"","","","","","","","","","account_tax_template_p_iva0_ns_b","account_tax_template_p_irpf1","",""
"","","","","","","","","","account_tax_template_p_iva0_ns","account_tax_template_p_iva0_ns","",""
"","","","","","","","","","account_tax_template_p_iva0_ns","account_tax_template_p_irpf1","",""
"fp_irpf2","","Personal income tax withholding 2%","Retención IRPF 2%","Retenció IRPF 2%","","","","","account_tax_template_s_iva21b","account_tax_template_s_iva21b","",""
"","","","","","","","","","account_tax_template_s_iva21b","account_tax_template_s_irpf2","",""
"","","","","","","","","","account_tax_template_s_iva21isp","account_tax_template_s_iva21isp","",""
"","","","","","","","","","account_tax_template_s_iva21isp","account_tax_template_s_irpf2","",""
"","","","","","","","","","account_tax_template_s_iva21s","account_tax_template_s_iva21s","",""
"","","","","","","","","","account_tax_template_s_iva21s","account_tax_template_s_irpf2","",""
"","","","","","","","","","account_tax_template_s_iva10b","account_tax_template_s_iva10b","",""
"","","","","","","","","","account_tax_template_s_iva10b","account_tax_template_s_irpf2","",""
"","","","","","","","","","account_tax_template_s_iva10s","account_tax_template_s_iva10s","",""
"","","","","","","","","","account_tax_template_s_iva10s","account_tax_template_s_irpf2","",""
"","","","","","","","","","account_tax_template_s_iva4b","account_tax_template_s_iva4b","",""
"","","","","","","","","","account_tax_template_s_iva4b","account_tax_template_s_irpf2","",""
"","","","","","","","","","account_tax_template_s_iva4s","account_tax_template_s_iva4s","",""
"","","","","","","","","","account_tax_template_s_iva4s","account_tax_template_s_irpf2","",""
"","","","","","","","","","account_tax_template_s_iva0","account_tax_template_s_iva0","",""
"","","","","","","","","","account_tax_template_s_iva0","account_tax_template_s_irpf2","",""
"","","","","","","","","","account_tax_template_s_iva0_ns","account_tax_template_s_iva0_ns","",""
"","","","","","","","","","account_tax_template_s_iva0_ns","account_tax_template_s_irpf2","",""
"","","","","","","","","","account_tax_template_p_iva21_bc","account_tax_template_p_iva21_bc","",""
"","","","","","","","","","account_tax_template_p_iva21_bc","account_tax_template_p_irpf2","",""
"","","","","","","","","","account_tax_template_p_iva21_sc","account_tax_template_p_iva21_sc","",""
"","","","","","","","","","account_tax_template_p_iva21_sc","account_tax_template_p_irpf2","",""
"","","","","","","","","","account_tax_template_p_iva10_bc","account_tax_template_p_iva10_bc","",""
"","","","","","","","","","account_tax_template_p_iva10_bc","account_tax_template_p_irpf2","",""
"","","","","","","","","","account_tax_template_p_iva10_sc","account_tax_template_p_iva10_sc","",""
"","","","","","","","","","account_tax_template_p_iva10_sc","account_tax_template_p_irpf2","",""
"","","","","","","","","","account_tax_template_p_iva4_bc","account_tax_template_p_iva4_bc","",""
"","","","","","","","","","account_tax_template_p_iva4_bc","account_tax_template_p_irpf2","",""
"","","","","","","","","","account_tax_template_p_iva4_sc","account_tax_template_p_iva4_sc","",""
"","","","","","","","","","account_tax_template_p_iva4_sc","account_tax_template_p_irpf2","",""
"","","","","","","","","","account_tax_template_p_iva0_bc","account_tax_template_p_iva0_bc","",""
"","","","","","","","","","account_tax_template_p_iva0_bc","account_tax_template_p_irpf2","",""
"","","","","","","","","","account_tax_template_p_iva0_ns_b","account_tax_template_p_iva0_ns_b","",""
"","","","","","","","","","account_tax_template_p_iva0_ns_b","account_tax_template_p_irpf2","",""
"","","","","","","","","","account_tax_template_p_iva0_ns","account_tax_template_p_iva0_ns","",""
"","","","","","","","","","account_tax_template_p_iva0_ns","account_tax_template_p_irpf2","",""
"fp_irpf7","","Personal income tax withholding 7%","Retención IRPF 7%","Retenció IRPF 7%","","","","","account_tax_template_s_iva21b","account_tax_template_s_iva21b","",""
"","","","","","","","","","account_tax_template_s_iva21b","account_tax_template_s_irpf7","",""
"","","","","","","","","","account_tax_template_s_iva21isp","account_tax_template_s_iva21isp","",""
"","","","","","","","","","account_tax_template_s_iva21isp","account_tax_template_s_irpf7","",""
"","","","","","","","","","account_tax_template_s_iva21s","account_tax_template_s_iva21s","",""
"","","","","","","","","","account_tax_template_s_iva21s","account_tax_template_s_irpf7","",""
"","","","","","","","","","account_tax_template_s_iva10b","account_tax_template_s_iva10b","",""
"","","","","","","","","","account_tax_template_s_iva10b","account_tax_template_s_irpf7","",""
"","","","","","","","","","account_tax_template_s_iva10s","account_tax_template_s_iva10s","",""
"","","","","","","","","","account_tax_template_s_iva10s","account_tax_template_s_irpf7","",""
"","","","","","","","","","account_tax_template_s_iva4b","account_tax_template_s_iva4b","",""
"","","","","","","","","","account_tax_template_s_iva4b","account_tax_template_s_irpf7","",""
"","","","","","","","","","account_tax_template_s_iva4s","account_tax_template_s_iva4s","",""
"","","","","","","","","","account_tax_template_s_iva4s","account_tax_template_s_irpf7","",""
"","","","","","","","","","account_tax_template_s_iva0","account_tax_template_s_iva0","",""
"","","","","","","","","","account_tax_template_s_iva0","account_tax_template_s_irpf7","",""
"","","","","","","","","","account_tax_template_s_iva0_ns","account_tax_template_s_iva0_ns","",""
"","","","","","","","","","account_tax_template_s_iva0_ns","account_tax_template_s_irpf7","",""
"","","","","","","","","","account_tax_template_p_iva21_bc","account_tax_template_p_iva21_bc","",""
"","","","","","","","","","account_tax_template_p_iva21_bc","account_tax_template_p_irpf7","",""
"","","","","","","","","","account_tax_template_p_iva21_sc","account_tax_template_p_iva21_sc","",""
"","","","","","","","","","account_tax_template_p_iva21_sc","account_tax_template_p_irpf7","",""
"","","","","","","","","","account_tax_template_p_iva10_bc","account_tax_template_p_iva10_bc","",""
"","","","","","","","","","account_tax_template_p_iva10_bc","account_tax_template_p_irpf7","",""
"","","","","","","","","","account_tax_template_p_iva10_sc","account_tax_template_p_iva10_sc","",""
"","","","","","","","","","account_tax_template_p_iva10_sc","account_tax_template_p_irpf7","",""
"","","","","","","","","","account_tax_template_p_iva4_bc","account_tax_template_p_iva4_bc","",""
"","","","","","","","","","account_tax_template_p_iva4_bc","account_tax_template_p_irpf7","",""
"","","","","","","","","","account_tax_template_p_iva4_sc","account_tax_template_p_iva4_sc","",""
"","","","","","","","","","account_tax_template_p_iva4_sc","account_tax_template_p_irpf7","",""
"","","","","","","","","","account_tax_template_p_iva0_bc","account_tax_template_p_iva0_bc","",""
"","","","","","","","","","account_tax_template_p_iva0_bc","account_tax_template_p_irpf7","",""
"","","","","","","","","","account_tax_template_p_iva0_ns_b","account_tax_template_p_iva0_ns_b","",""
"","","","","","","","","","account_tax_template_p_iva0_ns_b","account_tax_template_p_irpf7","",""
"","","","","","","","","","account_tax_template_p_iva0_ns","account_tax_template_p_iva0_ns","",""
"","","","","","","","","","account_tax_template_p_iva0_ns","account_tax_template_p_irpf7","",""
"fp_irpf9","","Perosnal income tax withholding 9%","Retención IRPF 9%","Retenció IRPF 9%","","","","","account_tax_template_s_iva21b","account_tax_template_s_iva21b","",""
"","","","","","","","","","account_tax_template_s_iva21b","account_tax_template_s_irpf9","",""
"","","","","","","","","","account_tax_template_s_iva21isp","account_tax_template_s_iva21isp","",""
"","","","","","","","","","account_tax_template_s_iva21isp","account_tax_template_s_irpf9","",""
"","","","","","","","","","account_tax_template_s_iva21s","account_tax_template_s_iva21s","",""
"","","","","","","","","","account_tax_template_s_iva21s","account_tax_template_s_irpf9","",""
"","","","","","","","","","account_tax_template_s_iva10b","account_tax_template_s_iva10b","",""
"","","","","","","","","","account_tax_template_s_iva10b","account_tax_template_s_irpf9","",""
"","","","","","","","","","account_tax_template_s_iva10s","account_tax_template_s_iva10s","",""
"","","","","","","","","","account_tax_template_s_iva10s","account_tax_template_s_irpf9","",""
"","","","","","","","","","account_tax_template_s_iva4b","account_tax_template_s_iva4b","",""
"","","","","","","","","","account_tax_template_s_iva4b","account_tax_template_s_irpf9","",""
"","","","","","","","","","account_tax_template_s_iva4s","account_tax_template_s_iva4s","",""
"","","","","","","","","","account_tax_template_s_iva4s","account_tax_template_s_irpf9","",""
"","","","","","","","","","account_tax_template_s_iva0","account_tax_template_s_iva0","",""
"","","","","","","","","","account_tax_template_s_iva0","account_tax_template_s_irpf9","",""
"","","","","","","","","","account_tax_template_s_iva0_ns","account_tax_template_s_iva0_ns","",""
"","","","","","","","","","account_tax_template_s_iva0_ns","account_tax_template_s_irpf9","",""
"","","","","","","","","","account_tax_template_p_iva21_bc","account_tax_template_p_iva21_bc","",""
"","","","","","","","","","account_tax_template_p_iva21_bc","account_tax_template_p_irpf9","",""
"","","","","","","","","","account_tax_template_p_iva21_sc","account_tax_template_p_iva21_sc","",""
"","","","","","","","","","account_tax_template_p_iva21_sc","account_tax_template_p_irpf9","",""
"","","","","","","","","","account_tax_template_p_iva10_bc","account_tax_template_p_iva10_bc","",""
"","","","","","","","","","account_tax_template_p_iva10_bc","account_tax_template_p_irpf9","",""
"","","","","","","","","","account_tax_template_p_iva10_sc","account_tax_template_p_iva10_sc","",""
"","","","","","","","","","account_tax_template_p_iva10_sc","account_tax_template_p_irpf9","",""
"","","","","","","","","","account_tax_template_p_iva4_bc","account_tax_template_p_iva4_bc","",""
"","","","","","","","","","account_tax_template_p_iva4_bc","account_tax_template_p_irpf9","",""
"","","","","","","","","","account_tax_template_p_iva4_sc","account_tax_template_p_iva4_sc","",""
"","","","","","","","","","account_tax_template_p_iva4_sc","account_tax_template_p_irpf9","",""
"","","","","","","","","","account_tax_template_p_iva0_bc","account_tax_template_p_iva0_bc","",""
"","","","","","","","","","account_tax_template_p_iva0_bc","account_tax_template_p_irpf9","",""
"","","","","","","","","","account_tax_template_p_iva0_ns_b","account_tax_template_p_iva0_ns_b","",""
"","","","","","","","","","account_tax_template_p_iva0_ns_b","account_tax_template_p_irpf9","",""
"","","","","","","","","","account_tax_template_p_iva0_ns","account_tax_template_p_iva0_ns","",""
"","","","","","","","","","account_tax_template_p_iva0_ns","account_tax_template_p_irpf9","",""
"fp_irpf15","","Personal income tax withholding 15%","Retención IRPF 15%","Retenció IRPF 15%","","","","","account_tax_template_s_iva21b","account_tax_template_s_iva21b","",""
"","","","","","","","","","account_tax_template_s_iva21b","account_tax_template_s_irpf15","",""
"","","","","","","","","","account_tax_template_s_iva21isp","account_tax_template_s_iva21isp","",""
"","","","","","","","","","account_tax_template_s_iva21isp","account_tax_template_s_irpf15","",""
"","","","","","","","","","account_tax_template_s_iva21s","account_tax_template_s_iva21s","",""
"","","","","","","","","","account_tax_template_s_iva21s","account_tax_template_s_irpf15","",""
"","","","","","","","","","account_tax_template_s_iva10b","account_tax_template_s_iva10b","",""
"","","","","","","","","","account_tax_template_s_iva10b","account_tax_template_s_irpf15","",""
"","","","","","","","","","account_tax_template_s_iva10s","account_tax_template_s_iva10s","",""
"","","","","","","","","","account_tax_template_s_iva10s","account_tax_template_s_irpf15","",""
"","","","","","","","","","account_tax_template_s_iva4b","account_tax_template_s_iva4b","",""
"","","","","","","","","","account_tax_template_s_iva4b","account_tax_template_s_irpf15","",""
"","","","","","","","","","account_tax_template_s_iva4s","account_tax_template_s_iva4s","",""
"","","","","","","","","","account_tax_template_s_iva4s","account_tax_template_s_irpf15","",""
"","","","","","","","","","account_tax_template_s_iva0","account_tax_template_s_iva0","",""
"","","","","","","","","","account_tax_template_s_iva0","account_tax_template_s_irpf15","",""
"","","","","","","","","","account_tax_template_s_iva0_ns","account_tax_template_s_iva0_ns","",""
"","","","","","","","","","account_tax_template_s_iva0_ns","account_tax_template_s_irpf15","",""
"","","","","","","","","","account_tax_template_p_iva21_bc","account_tax_template_p_iva21_bc","",""
"","","","","","","","","","account_tax_template_p_iva21_bc","account_tax_template_p_irpf15","",""
"","","","","","","","","","account_tax_template_p_iva21_sc","account_tax_template_p_iva21_sc","",""
"","","","","","","","","","account_tax_template_p_iva21_sc","account_tax_template_p_irpf15","",""
"","","","","","","","","","account_tax_template_p_iva10_bc","account_tax_template_p_iva10_bc","",""
"","","","","","","","","","account_tax_template_p_iva10_bc","account_tax_template_p_irpf15","",""
"","","","","","","","","","account_tax_template_p_iva10_sc","account_tax_template_p_iva10_sc","",""
"","","","","","","","","","account_tax_template_p_iva10_sc","account_tax_template_p_irpf15","",""
"","","","","","","","","","account_tax_template_p_iva4_bc","account_tax_template_p_iva4_bc","",""
"","","","","","","","","","account_tax_template_p_iva4_bc","account_tax_template_p_irpf15","",""
"","","","","","","","","","account_tax_template_p_iva4_sc","account_tax_template_p_iva4_sc","",""
"","","","","","","","","","account_tax_template_p_iva4_sc","account_tax_template_p_irpf15","",""
"","","","","","","","","","account_tax_template_p_iva0_bc","account_tax_template_p_iva0_bc","",""
"","","","","","","","","","account_tax_template_p_iva0_bc","account_tax_template_p_irpf15","",""
"","","","","","","","","","account_tax_template_p_iva0_ns_b","account_tax_template_p_iva0_ns_b","",""
"","","","","","","","","","account_tax_template_p_iva0_ns_b","account_tax_template_p_irpf15","",""
"","","","","","","","","","account_tax_template_p_iva0_ns","account_tax_template_p_iva0_ns","",""
"","","","","","","","","","account_tax_template_p_iva0_ns","account_tax_template_p_irpf15","",""
"fp_irpf18","","Personal income tax withholding 18%","Retención IRPF 18%","Retenció IRPF 18%","","","","","account_tax_template_s_iva21b","account_tax_template_s_iva21b","",""
"","","","","","","","","","account_tax_template_s_iva21b","account_tax_template_s_irpf18","",""
"","","","","","","","","","account_tax_template_s_iva21isp","account_tax_template_s_iva21isp","",""
"","","","","","","","","","account_tax_template_s_iva21isp","account_tax_template_s_irpf18","",""
"","","","","","","","","","account_tax_template_s_iva21s","account_tax_template_s_iva21s","",""
"","","","","","","","","","account_tax_template_s_iva21s","account_tax_template_s_irpf18","",""
"","","","","","","","","","account_tax_template_s_iva10b","account_tax_template_s_iva10b","",""
"","","","","","","","","","account_tax_template_s_iva10b","account_tax_template_s_irpf18","",""
"","","","","","","","","","account_tax_template_s_iva10s","account_tax_template_s_iva10s","",""
"","","","","","","","","","account_tax_template_s_iva10s","account_tax_template_s_irpf18","",""
"","","","","","","","","","account_tax_template_s_iva4b","account_tax_template_s_iva4b","",""
"","","","","","","","","","account_tax_template_s_iva4b","account_tax_template_s_irpf18","",""
"","","","","","","","","","account_tax_template_s_iva4s","account_tax_template_s_iva4s","",""
"","","","","","","","","","account_tax_template_s_iva4s","account_tax_template_s_irpf18","",""
"","","","","","","","","","account_tax_template_s_iva0","account_tax_template_s_iva0","",""
"","","","","","","","","","account_tax_template_s_iva0","account_tax_template_s_irpf18","",""
"","","","","","","","","","account_tax_template_s_iva0_ns","account_tax_template_s_iva0_ns","",""
"","","","","","","","","","account_tax_template_s_iva0_ns","account_tax_template_s_irpf18","",""
"","","","","","","","","","account_tax_template_p_iva21_bc","account_tax_template_p_iva21_bc","",""
"","","","","","","","","","account_tax_template_p_iva21_bc","account_tax_template_p_irpf18","",""
"","","","","","","","","","account_tax_template_p_iva21_sc","account_tax_template_p_iva21_sc","",""
"","","","","","","","","","account_tax_template_p_iva21_sc","account_tax_template_p_irpf18","",""
"","","","","","","","","","account_tax_template_p_iva10_bc","account_tax_template_p_iva10_bc","",""
"","","","","","","","","","account_tax_template_p_iva10_bc","account_tax_template_p_irpf18","",""
"","","","","","","","","","account_tax_template_p_iva10_sc","account_tax_template_p_iva10_sc","",""
"","","","","","","","","","account_tax_template_p_iva10_sc","account_tax_template_p_irpf18","",""
"","","","","","","","","","account_tax_template_p_iva4_bc","account_tax_template_p_iva4_bc","",""
"","","","","","","","","","account_tax_template_p_iva4_bc","account_tax_template_p_irpf18","",""
"","","","","","","","","","account_tax_template_p_iva4_sc","account_tax_template_p_iva4_sc","",""
"","","","","","","","","","account_tax_template_p_iva4_sc","account_tax_template_p_irpf18","",""
"","","","","","","","","","account_tax_template_p_iva0_bc","account_tax_template_p_iva0_bc","",""
"","","","","","","","","","account_tax_template_p_iva0_bc","account_tax_template_p_irpf18","",""
"","","","","","","","","","account_tax_template_p_iva0_ns_b","account_tax_template_p_iva0_ns_b","",""
"","","","","","","","","","account_tax_template_p_iva0_ns_b","account_tax_template_p_irpf18","",""
"","","","","","","","","","account_tax_template_p_iva0_ns","account_tax_template_p_iva0_ns","",""
"","","","","","","","","","account_tax_template_p_iva0_ns","account_tax_template_p_irpf18","",""
"fp_irpf19","","Personal income tax withholding 19%","Retención IRPF 19%","Retenció IRPF 19%","","","","","account_tax_template_s_iva21b","account_tax_template_s_iva21b","",""
"","","","","","","","","","account_tax_template_s_iva21b","account_tax_template_s_irpf19","",""
"","","","","","","","","","account_tax_template_s_iva21isp","account_tax_template_s_iva21isp","",""
"","","","","","","","","","account_tax_template_s_iva21isp","account_tax_template_s_irpf19","",""
"","","","","","","","","","account_tax_template_s_iva21s","account_tax_template_s_iva21s","",""
"","","","","","","","","","account_tax_template_s_iva21s","account_tax_template_s_irpf19","",""
"","","","","","","","","","account_tax_template_s_iva10b","account_tax_template_s_iva10b","",""
"","","","","","","","","","account_tax_template_s_iva10b","account_tax_template_s_irpf19","",""
"","","","","","","","","","account_tax_template_s_iva10s","account_tax_template_s_iva10s","",""
"","","","","","","","","","account_tax_template_s_iva10s","account_tax_template_s_irpf19","",""
"","","","","","","","","","account_tax_template_s_iva4b","account_tax_template_s_iva4b","",""
"","","","","","","","","","account_tax_template_s_iva4b","account_tax_template_s_irpf19","",""
"","","","","","","","","","account_tax_template_s_iva4s","account_tax_template_s_iva4s","",""
"","","","","","","","","","account_tax_template_s_iva4s","account_tax_template_s_irpf19","",""
"","","","","","","","","","account_tax_template_s_iva0","account_tax_template_s_iva0","",""
"","","","","","","","","","account_tax_template_s_iva0","account_tax_template_s_irpf19","",""
"","","","","","","","","","account_tax_template_s_iva0_ns","account_tax_template_s_iva0_ns","",""
"","","","","","","","","","account_tax_template_s_iva0_ns","account_tax_template_s_irpf19","",""
"","","","","","","","","","account_tax_template_p_iva21_bc","account_tax_template_p_iva21_bc","",""
"","","","","","","","","","account_tax_template_p_iva21_bc","account_tax_template_p_irpf19","",""
"","","","","","","","","","account_tax_template_p_iva21_sc","account_tax_template_p_iva21_sc","",""
"","","","","","","","","","account_tax_template_p_iva21_sc","account_tax_template_p_irpf19","",""
"","","","","","","","","","account_tax_template_p_iva10_bc","account_tax_template_p_iva10_bc","",""
"","","","","","","","","","account_tax_template_p_iva10_bc","account_tax_template_p_irpf19","",""
"","","","","","","","","","account_tax_template_p_iva10_sc","account_tax_template_p_iva10_sc","",""
"","","","","","","","","","account_tax_template_p_iva10_sc","account_tax_template_p_irpf19","",""
"","","","","","","","","","account_tax_template_p_iva4_bc","account_tax_template_p_iva4_bc","",""
"","","","","","","","","","account_tax_template_p_iva4_bc","account_tax_template_p_irpf19","",""
"","","","","","","","","","account_tax_template_p_iva4_sc","account_tax_template_p_iva4_sc","",""
"","","","","","","","","","account_tax_template_p_iva4_sc","account_tax_template_p_irpf19","",""
"","","","","","","","","","account_tax_template_p_iva0_bc","account_tax_template_p_iva0_bc","",""
"","","","","","","","","","account_tax_template_p_iva0_bc","account_tax_template_p_irpf19","",""
"","","","","","","","","","account_tax_template_p_iva0_ns_b","account_tax_template_p_iva0_ns_b","",""
"","","","","","","","","","account_tax_template_p_iva0_ns_b","account_tax_template_p_irpf19","",""
"","","","","","","","","","account_tax_template_p_iva0_ns","account_tax_template_p_iva0_ns","",""
"","","","","","","","","","account_tax_template_p_iva0_ns","account_tax_template_p_irpf19","",""
"fp_irpf19a","","Retention 19% leases","Retención 19% arrendamientos","Retenció 19% arrendaments","","","","","account_tax_template_s_iva21b","account_tax_template_s_iva21b","",""
"","","","","","","","","","account_tax_template_s_iva21b","account_tax_template_s_irpf19a","",""
"","","","","","","","","","account_tax_template_s_iva21s","account_tax_template_s_iva21s","",""
"","","","","","","","","","account_tax_template_s_iva21s","account_tax_template_s_irpf19a","",""
"","","","","","","","","","account_tax_template_s_iva21isp","account_tax_template_s_iva21isp","",""
"","","","","","","","","","account_tax_template_s_iva21isp","account_tax_template_s_irpf19a","",""
"","","","","","","","","","account_tax_template_s_iva10b","account_tax_template_s_iva10b","",""
"","","","","","","","","","account_tax_template_s_iva10b","account_tax_template_s_irpf19a","",""
"","","","","","","","","","account_tax_template_s_iva10s","account_tax_template_s_iva10s","",""
"","","","","","","","","","account_tax_template_s_iva10s","account_tax_template_s_irpf19a","",""
"","","","","","","","","","account_tax_template_s_iva4b","account_tax_template_s_iva4b","",""
"","","","","","","","","","account_tax_template_s_iva4b","account_tax_template_s_irpf19a","",""
"","","","","","","","","","account_tax_template_s_iva4s","account_tax_template_s_iva4s","",""
"","","","","","","","","","account_tax_template_s_iva4s","account_tax_template_s_irpf19a","",""
"","","","","","","","","","account_tax_template_p_iva21_bc","account_tax_template_p_iva21_bc","",""
"","","","","","","","","","account_tax_template_p_iva21_bc","account_tax_template_p_irpf19a","",""
"","","","","","","","","","account_tax_template_p_iva21_sc","account_tax_template_p_iva21_sc","",""
"","","","","","","","","","account_tax_template_p_iva21_sc","account_tax_template_p_irpf19a","",""
"","","","","","","","","","account_tax_template_p_iva10_bc","account_tax_template_p_iva10_bc","",""
"","","","","","","","","","account_tax_template_p_iva10_bc","account_tax_template_p_irpf19a","",""
"","","","","","","","","","account_tax_template_p_iva10_sc","account_tax_template_p_iva10_sc","",""
"","","","","","","","","","account_tax_template_p_iva10_sc","account_tax_template_p_irpf19a","",""
"","","","","","","","","","account_tax_template_p_iva4_bc","account_tax_template_p_iva4_bc","",""
"","","","","","","","","","account_tax_template_p_iva4_bc","account_tax_template_p_irpf19a","",""
"","","","","","","","","","account_tax_template_p_iva4_sc","account_tax_template_p_iva4_sc","",""
"","","","","","","","","","account_tax_template_p_iva4_sc","account_tax_template_p_irpf19a","",""
"","","","","","","","","","account_tax_template_s_iva0","account_tax_template_s_iva0","",""
"","","","","","","","","","account_tax_template_s_iva0","account_tax_template_s_irpf19a","",""
"","","","","","","","","","account_tax_template_p_iva0_bc","account_tax_template_p_iva0_bc","",""
"","","","","","","","","","account_tax_template_p_iva0_bc","account_tax_template_p_irpf19a","",""
"fp_irpf195a","","Withholding 19.5% leases","Retención 19,5% arrendamientos","Retenció 19,5% arrendaments","","","","","account_tax_template_s_iva21b","account_tax_template_s_iva21b","",""
"","","","","","","","","","account_tax_template_s_iva21b","account_tax_template_s_irpf195a","",""
"","","","","","","","","","account_tax_template_s_iva21s","account_tax_template_s_iva21s","",""
"","","","","","","","","","account_tax_template_s_iva21s","account_tax_template_s_irpf195a","",""
"","","","","","","","","","account_tax_template_s_iva21isp","account_tax_template_s_iva21isp","",""
"","","","","","","","","","account_tax_template_s_iva21isp","account_tax_template_s_irpf195a","",""
"","","","","","","","","","account_tax_template_s_iva10b","account_tax_template_s_iva10b","",""
"","","","","","","","","","account_tax_template_s_iva10b","account_tax_template_s_irpf195a","",""
"","","","","","","","","","account_tax_template_s_iva10s","account_tax_template_s_iva10s","",""
"","","","","","","","","","account_tax_template_s_iva10s","account_tax_template_s_irpf195a","",""
"","","","","","","","","","account_tax_template_s_iva4b","account_tax_template_s_iva4b","",""
"","","","","","","","","","account_tax_template_s_iva4b","account_tax_template_s_irpf195a","",""
"","","","","","","","","","account_tax_template_s_iva4s","account_tax_template_s_iva4s","",""
"","","","","","","","","","account_tax_template_s_iva4s","account_tax_template_s_irpf195a","",""
"","","","","","","","","","account_tax_template_p_iva21_bc","account_tax_template_p_iva21_bc","",""
"","","","","","","","","","account_tax_template_p_iva21_bc","account_tax_template_p_irpf195a","",""
"","","","","","","","","","account_tax_template_p_iva21_sc","account_tax_template_p_iva21_sc","",""
"","","","","","","","","","account_tax_template_p_iva21_sc","account_tax_template_p_irpf195a","",""
"","","","","","","","","","account_tax_template_p_iva10_bc","account_tax_template_p_iva10_bc","",""
"","","","","","","","","","account_tax_template_p_iva10_bc","account_tax_template_p_irpf195a","",""
"","","","","","","","","","account_tax_template_p_iva10_sc","account_tax_template_p_iva10_sc","",""
"","","","","","","","","","account_tax_template_p_iva10_sc","account_tax_template_p_irpf195a","",""
"","","","","","","","","","account_tax_template_p_iva4_bc","account_tax_template_p_iva4_bc","",""
"","","","","","","","","","account_tax_template_p_iva4_bc","account_tax_template_p_irpf195a","",""
"","","","","","","","","","account_tax_template_p_iva4_sc","account_tax_template_p_iva4_sc","",""
"","","","","","","","","","account_tax_template_p_iva4_sc","account_tax_template_p_irpf195a","",""
"","","","","","","","","","account_tax_template_s_iva0","account_tax_template_s_iva0","",""
"","","","","","","","","","account_tax_template_s_iva0","account_tax_template_s_irpf195a","",""
"","","","","","","","","","account_tax_template_p_iva0_bc","account_tax_template_p_iva0_bc","",""
"","","","","","","","","","account_tax_template_p_iva0_bc","account_tax_template_p_irpf195a","",""
"fp_irpf20","","Personal income tax withholding 20%","Retención IRPF 20%","Retenció IRPF 20%","","","","","account_tax_template_s_iva21b","account_tax_template_s_iva21b","",""
"","","","","","","","","","account_tax_template_s_iva21b","account_tax_template_s_irpf20","",""
"","","","","","","","","","account_tax_template_s_iva21isp","account_tax_template_s_iva21isp","",""
"","","","","","","","","","account_tax_template_s_iva21isp","account_tax_template_s_irpf20","",""
"","","","","","","","","","account_tax_template_s_iva21s","account_tax_template_s_iva21s","",""
"","","","","","","","","","account_tax_template_s_iva21s","account_tax_template_s_irpf20","",""
"","","","","","","","","","account_tax_template_s_iva10b","account_tax_template_s_iva10b","",""
"","","","","","","","","","account_tax_template_s_iva10b","account_tax_template_s_irpf20","",""
"","","","","","","","","","account_tax_template_s_iva10s","account_tax_template_s_iva10s","",""
"","","","","","","","","","account_tax_template_s_iva10s","account_tax_template_s_irpf20","",""
"","","","","","","","","","account_tax_template_s_iva4b","account_tax_template_s_iva4b","",""
"","","","","","","","","","account_tax_template_s_iva4b","account_tax_template_s_irpf20","",""
"","","","","","","","","","account_tax_template_s_iva4s","account_tax_template_s_iva4s","",""
"","","","","","","","","","account_tax_template_s_iva4s","account_tax_template_s_irpf20","",""
"","","","","","","","","","account_tax_template_s_iva0","account_tax_template_s_iva0","",""
"","","","","","","","","","account_tax_template_s_iva0","account_tax_template_s_irpf20","",""
"","","","","","","","","","account_tax_template_s_iva0_ns","account_tax_template_s_iva0_ns","",""
"","","","","","","","","","account_tax_template_s_iva0_ns","account_tax_template_s_irpf20","",""
"","","","","","","","","","account_tax_template_p_iva21_bc","account_tax_template_p_iva21_bc","",""
"","","","","","","","","","account_tax_template_p_iva21_bc","account_tax_template_p_irpf20","",""
"","","","","","","","","","account_tax_template_p_iva21_sc","account_tax_template_p_iva21_sc","",""
"","","","","","","","","","account_tax_template_p_iva21_sc","account_tax_template_p_irpf20","",""
"","","","","","","","","","account_tax_template_p_iva10_bc","account_tax_template_p_iva10_bc","",""
"","","","","","","","","","account_tax_template_p_iva10_bc","account_tax_template_p_irpf20","",""
"","","","","","","","","","account_tax_template_p_iva10_sc","account_tax_template_p_iva10_sc","",""
"","","","","","","","","","account_tax_template_p_iva10_sc","account_tax_template_p_irpf20","",""
"","","","","","","","","","account_tax_template_p_iva4_bc","account_tax_template_p_iva4_bc","",""
"","","","","","","","","","account_tax_template_p_iva4_bc","account_tax_template_p_irpf20","",""
"","","","","","","","","","account_tax_template_p_iva4_sc","account_tax_template_p_iva4_sc","",""
"","","","","","","","","","account_tax_template_p_iva4_sc","account_tax_template_p_irpf20","",""
"","","","","","","","","","account_tax_template_p_iva0_bc","account_tax_template_p_iva0_bc","",""
"","","","","","","","","","account_tax_template_p_iva0_bc","account_tax_template_p_irpf20","",""
"","","","","","","","","","account_tax_template_p_iva0_ns_b","account_tax_template_p_iva0_ns_b","",""
"","","","","","","","","","account_tax_template_p_iva0_ns_b","account_tax_template_p_irpf20","",""
"","","","","","","","","","account_tax_template_p_iva0_ns","account_tax_template_p_iva0_ns","",""
"","","","","","","","","","account_tax_template_p_iva0_ns","account_tax_template_p_irpf20","",""
"fp_irpf24","","Personal income tax withholding 24%","Retención IRPF 24%","Retenció IRPF 24%","","","","","account_tax_template_s_iva21b","account_tax_template_s_iva21b","",""
"","","","","","","","","","account_tax_template_s_iva21b","account_tax_template_s_irpf24","",""
"","","","","","","","","","account_tax_template_s_iva21isp","account_tax_template_s_iva21isp","",""
"","","","","","","","","","account_tax_template_s_iva21isp","account_tax_template_s_irpf24","",""
"","","","","","","","","","account_tax_template_s_iva21s","account_tax_template_s_iva21s","",""
"","","","","","","","","","account_tax_template_s_iva21s","account_tax_template_s_irpf24","",""
"","","","","","","","","","account_tax_template_s_iva10b","account_tax_template_s_iva10b","",""
"","","","","","","","","","account_tax_template_s_iva10b","account_tax_template_s_irpf24","",""
"","","","","","","","","","account_tax_template_s_iva10s","account_tax_template_s_iva10s","",""
"","","","","","","","","","account_tax_template_s_iva10s","account_tax_template_s_irpf24","",""
"","","","","","","","","","account_tax_template_s_iva4b","account_tax_template_s_iva4b","",""
"","","","","","","","","","account_tax_template_s_iva4b","account_tax_template_s_irpf24","",""
"","","","","","","","","","account_tax_template_s_iva4s","account_tax_template_s_iva4s","",""
"","","","","","","","","","account_tax_template_s_iva4s","account_tax_template_s_irpf24","",""
"","","","","","","","","","account_tax_template_s_iva0","account_tax_template_s_iva0","",""
"","","","","","","","","","account_tax_template_s_iva0","account_tax_template_s_irpf24","",""
"","","","","","","","","","account_tax_template_s_iva0_ns","account_tax_template_s_iva0_ns","",""
"","","","","","","","","","account_tax_template_s_iva0_ns","account_tax_template_s_irpf24","",""
"","","","","","","","","","account_tax_template_p_iva21_bc","account_tax_template_p_iva21_bc","",""
"","","","","","","","","","account_tax_template_p_iva21_bc","account_tax_template_p_irpf24","",""
"","","","","","","","","","account_tax_template_p_iva21_sc","account_tax_template_p_iva21_sc","",""
"","","","","","","","","","account_tax_template_p_iva21_sc","account_tax_template_p_irpf24","",""
"","","","","","","","","","account_tax_template_p_iva10_bc","account_tax_template_p_iva10_bc","",""
"","","","","","","","","","account_tax_template_p_iva10_bc","account_tax_template_p_irpf24","",""
"","","","","","","","","","account_tax_template_p_iva10_sc","account_tax_template_p_iva10_sc","",""
"","","","","","","","","","account_tax_template_p_iva10_sc","account_tax_template_p_irpf24","",""
"","","","","","","","","","account_tax_template_p_iva4_bc","account_tax_template_p_iva4_bc","",""
"","","","","","","","","","account_tax_template_p_iva4_bc","account_tax_template_p_irpf24","",""
"","","","","","","","","","account_tax_template_p_iva4_sc","account_tax_template_p_iva4_sc","",""
"","","","","","","","","","account_tax_template_p_iva4_sc","account_tax_template_p_irpf24","",""
"","","","","","","","","","account_tax_template_p_iva0_bc","account_tax_template_p_iva0_bc","",""
"","","","","","","","","","account_tax_template_p_iva0_bc","account_tax_template_p_irpf24","",""
"","","","","","","","","","account_tax_template_p_iva0_ns_b","account_tax_template_p_iva0_ns_b","",""
"","","","","","","","","","account_tax_template_p_iva0_ns_b","account_tax_template_p_irpf24","",""
"","","","","","","","","","account_tax_template_p_iva0_ns","account_tax_template_p_iva0_ns","",""
"","","","","","","","","","account_tax_template_p_iva0_ns","account_tax_template_p_irpf24","",""
"fp_irpf20a","","Withholding 19% leases","Retención 20% arrendamientos","Retenció 20% arrendaments","","","","","account_tax_template_s_iva21b","account_tax_template_s_iva21b","",""
"","","","","","","","","","account_tax_template_s_iva21b","account_tax_template_s_irpf20a","",""
"","","","","","","","","","account_tax_template_s_iva21s","account_tax_template_s_iva21s","",""
"","","","","","","","","","account_tax_template_s_iva21s","account_tax_template_s_irpf20a","",""
"","","","","","","","","","account_tax_template_s_iva21isp","account_tax_template_s_iva21isp","",""
"","","","","","","","","","account_tax_template_s_iva21isp","account_tax_template_s_irpf20a","",""
"","","","","","","","","","account_tax_template_s_iva10b","account_tax_template_s_iva10b","",""
"","","","","","","","","","account_tax_template_s_iva10b","account_tax_template_s_irpf20a","",""
"","","","","","","","","","account_tax_template_s_iva10s","account_tax_template_s_iva10s","",""
"","","","","","","","","","account_tax_template_s_iva10s","account_tax_template_s_irpf20a","",""
"","","","","","","","","","account_tax_template_s_iva4b","account_tax_template_s_iva4b","",""
"","","","","","","","","","account_tax_template_s_iva4b","account_tax_template_s_irpf20a","",""
"","","","","","","","","","account_tax_template_s_iva4s","account_tax_template_s_iva4s","",""
"","","","","","","","","","account_tax_template_s_iva4s","account_tax_template_s_irpf20a","",""
"","","","","","","","","","account_tax_template_p_iva21_bc","account_tax_template_p_iva21_bc","",""
"","","","","","","","","","account_tax_template_p_iva21_bc","account_tax_template_p_irpf20a","",""
"","","","","","","","","","account_tax_template_p_iva21_sc","account_tax_template_p_iva21_sc","",""
"","","","","","","","","","account_tax_template_p_iva21_sc","account_tax_template_p_irpf20a","",""
"","","","","","","","","","account_tax_template_p_iva10_bc","account_tax_template_p_iva10_bc","",""
"","","","","","","","","","account_tax_template_p_iva10_bc","account_tax_template_p_irpf20a","",""
"","","","","","","","","","account_tax_template_p_iva10_sc","account_tax_template_p_iva10_sc","",""
"","","","","","","","","","account_tax_template_p_iva10_sc","account_tax_template_p_irpf20a","",""
"","","","","","","","","","account_tax_template_p_iva4_bc","account_tax_template_p_iva4_bc","",""
"","","","","","","","","","account_tax_template_p_iva4_bc","account_tax_template_p_irpf20a","",""
"","","","","","","","","","account_tax_template_p_iva4_sc","account_tax_template_p_iva4_sc","",""
"","","","","","","","","","account_tax_template_p_iva4_sc","account_tax_template_p_irpf20a","",""
"","","","","","","","","","account_tax_template_s_iva0","account_tax_template_s_iva0","",""
"","","","","","","","","","account_tax_template_s_iva0","account_tax_template_s_irpf20a","",""
"","","","","","","","","","account_tax_template_p_iva0_bc","account_tax_template_p_iva0_bc","",""
"","","","","","","","","","account_tax_template_p_iva0_bc","account_tax_template_p_irpf20a","",""
"fp_irpf21","","Personal tax income withholding 21%","Retención IRPF 21%","Retenció IRPF 21%","","","","","account_tax_template_s_iva21b","account_tax_template_s_iva21b","",""
"","","","","","","","","","account_tax_template_s_iva21b","account_tax_template_s_irpf21","",""
"","","","","","","","","","account_tax_template_s_iva21isp","account_tax_template_s_iva21isp","",""
"","","","","","","","","","account_tax_template_s_iva21isp","account_tax_template_s_irpf21","",""
"","","","","","","","","","account_tax_template_s_iva21s","account_tax_template_s_iva21s","",""
"","","","","","","","","","account_tax_template_s_iva21s","account_tax_template_s_irpf21","",""
"","","","","","","","","","account_tax_template_s_iva10b","account_tax_template_s_iva10b","",""
"","","","","","","","","","account_tax_template_s_iva10b","account_tax_template_s_irpf21","",""
"","","","","","","","","","account_tax_template_s_iva10s","account_tax_template_s_iva10s","",""
"","","","","","","","","","account_tax_template_s_iva10s","account_tax_template_s_irpf21","",""
"","","","","","","","","","account_tax_template_s_iva4b","account_tax_template_s_iva4b","",""
"","","","","","","","","","account_tax_template_s_iva4b","account_tax_template_s_irpf21","",""
"","","","","","","","","","account_tax_template_s_iva4s","account_tax_template_s_iva4s","",""
"","","","","","","","","","account_tax_template_s_iva4s","account_tax_template_s_irpf21","",""
"","","","","","","","","","account_tax_template_s_iva0","account_tax_template_s_iva0","",""
"","","","","","","","","","account_tax_template_s_iva0","account_tax_template_s_irpf21","",""
"","","","","","","","","","account_tax_template_s_iva0_ns","account_tax_template_s_iva0_ns","",""
"","","","","","","","","","account_tax_template_s_iva0_ns","account_tax_template_s_irpf21","",""
"","","","","","","","","","account_tax_template_p_iva21_bc","account_tax_template_p_iva21_bc","",""
"","","","","","","","","","account_tax_template_p_iva21_bc","account_tax_template_p_irpf21p","",""
"","","","","","","","","","account_tax_template_p_iva21_sc","account_tax_template_p_iva21_sc","",""
"","","","","","","","","","account_tax_template_p_iva21_sc","account_tax_template_p_irpf21p","",""
"","","","","","","","","","account_tax_template_p_iva10_bc","account_tax_template_p_iva10_bc","",""
"","","","","","","","","","account_tax_template_p_iva10_bc","account_tax_template_p_irpf21p","",""
"","","","","","","","","","account_tax_template_p_iva10_sc","account_tax_template_p_iva10_sc","",""
"","","","","","","","","","account_tax_template_p_iva10_sc","account_tax_template_p_irpf21p","",""
"","","","","","","","","","account_tax_template_p_iva4_bc","account_tax_template_p_iva4_bc","",""
"","","","","","","","","","account_tax_template_p_iva4_bc","account_tax_template_p_irpf21p","",""
"","","","","","","","","","account_tax_template_p_iva4_sc","account_tax_template_p_iva4_sc","",""
"","","","","","","","","","account_tax_template_p_iva4_sc","account_tax_template_p_irpf21p","",""
"","","","","","","","","","account_tax_template_p_iva0_bc","account_tax_template_p_iva0_bc","",""
"","","","","","","","","","account_tax_template_p_iva0_bc","account_tax_template_p_irpf21p","",""
"","","","","","","","","","account_tax_template_p_iva0_ns_b","account_tax_template_p_iva0_ns_b","",""
"","","","","","","","","","account_tax_template_p_iva0_ns_b","account_tax_template_p_irpf21p","",""
"","","","","","","","","","account_tax_template_p_iva0_ns","account_tax_template_p_iva0_ns","",""
"","","","","","","","","","account_tax_template_p_iva0_ns","account_tax_template_p_irpf21p","",""
"fp_irpf21a","","Withholding 21% leases","Retención 21% arrendamientos","Retenció 21% arrendaments","","","","","account_tax_template_s_iva21b","account_tax_template_s_iva21b","",""
"","","","","","","","","","account_tax_template_s_iva21b","account_tax_template_s_irpf21a","",""
"","","","","","","","","","account_tax_template_s_iva21isp","account_tax_template_s_iva21isp","",""
"","","","","","","","","","account_tax_template_s_iva21isp","account_tax_template_s_irpf21a","",""
"","","","","","","","","","account_tax_template_s_iva21s","account_tax_template_s_iva21s","",""
"","","","","","","","","","account_tax_template_s_iva21s","account_tax_template_s_irpf21a","",""
"","","","","","","","","","account_tax_template_s_iva10b","account_tax_template_s_iva10b","",""
"","","","","","","","","","account_tax_template_s_iva10b","account_tax_template_s_irpf21a","",""
"","","","","","","","","","account_tax_template_s_iva10s","account_tax_template_s_iva10s","",""
"","","","","","","","","","account_tax_template_s_iva10s","account_tax_template_s_irpf21a","",""
"","","","","","","","","","account_tax_template_s_iva4b","account_tax_template_s_iva4b","",""
"","","","","","","","","","account_tax_template_s_iva4b","account_tax_template_s_irpf21a","",""
"","","","","","","","","","account_tax_template_s_iva4s","account_tax_template_s_iva4s","",""
"","","","","","","","","","account_tax_template_s_iva4s","account_tax_template_s_irpf21a","",""
"","","","","","","","","","account_tax_template_p_iva21_bc","account_tax_template_p_iva21_bc","",""
"","","","","","","","","","account_tax_template_p_iva21_bc","account_tax_template_p_irpf21a","",""
"","","","","","","","","","account_tax_template_p_iva21_sc","account_tax_template_p_iva21_sc","",""
"","","","","","","","","","account_tax_template_p_iva21_sc","account_tax_template_p_irpf21a","",""
"","","","","","","","","","account_tax_template_p_iva10_bc","account_tax_template_p_iva10_bc","",""
"","","","","","","","","","account_tax_template_p_iva10_bc","account_tax_template_p_irpf21a","",""
"","","","","","","","","","account_tax_template_p_iva10_sc","account_tax_template_p_iva10_sc","",""
"","","","","","","","","","account_tax_template_p_iva10_sc","account_tax_template_p_irpf21a","",""
"","","","","","","","","","account_tax_template_p_iva4_bc","account_tax_template_p_iva4_bc","",""
"","","","","","","","","","account_tax_template_p_iva4_bc","account_tax_template_p_irpf21a","",""
"","","","","","","","","","account_tax_template_p_iva4_sc","account_tax_template_p_iva4_sc","",""
"","","","","","","","","","account_tax_template_p_iva4_sc","account_tax_template_p_irpf21a","",""
"","","","","","","","","","account_tax_template_s_iva0","account_tax_template_s_iva0","",""
"","","","","","","","","","account_tax_template_s_iva0","account_tax_template_s_irpf21a","",""
"","","","","","","","","","account_tax_template_p_iva0_bc","account_tax_template_p_iva0_bc","",""
"","","","","","","","","","account_tax_template_p_iva0_bc","account_tax_template_p_irpf21a","",""
"fp_ispn","","National Reverse charge","Inversion del Sujeto Pasivo Nacional","Inversió del subjecte passiu nacional","","","","","account_tax_template_p_iva4_bc","account_tax_template_p_iva4_isp","",""
"","","","","","","","","","account_tax_template_p_iva4_sc","account_tax_template_p_iva4_isp","",""
"","","","","","","","","","account_tax_template_p_iva4_bi","account_tax_template_p_iva4_isp_bi","",""
"","","","","","","","","","account_tax_template_p_iva10_bc","account_tax_template_p_iva10_isp","",""
"","","","","","","","","","account_tax_template_p_iva10_sc","account_tax_template_p_iva10_isp","",""
"","","","","","","","","","account_tax_template_p_iva10_bi","account_tax_template_p_iva10_isp_bi","",""
"","","","","","","","","","account_tax_template_p_iva21_bc","account_tax_template_p_iva21_isp","",""
"","","","","","","","","","account_tax_template_p_iva21_sc","account_tax_template_p_iva21_isp","",""
"","","","","","","","","","account_tax_template_p_iva21_bi","account_tax_template_p_iva21_isp_bi","",""
"","","","","","","","","","account_tax_template_s_iva4b","account_tax_template_s_iva0_isp","",""
"","","","","","","","","","account_tax_template_s_iva4s","account_tax_template_s_iva0_isp","",""
"","","","","","","","","","account_tax_template_s_iva10b","account_tax_template_s_iva0_isp","",""
"","","","","","","","","","account_tax_template_s_iva10s","account_tax_template_s_iva0_isp","",""
"","","","","","","","","","account_tax_template_s_iva21b","account_tax_template_s_iva0_isp","",""
"","","","","","","","","","account_tax_template_s_iva21s","account_tax_template_s_iva0_isp","",""
"","","","","","","","","","account_tax_template_s_iva21isp","account_tax_template_s_iva0_isp","",""
"fp_rnrisp","","National regime reseller reverse charge","Régimen Nacional Revendedor con Inversión del sujeto pasivo","Règim nacional revenedor amb inversió del subjecte passiu","","","","","account_tax_template_s_iva21isp","account_tax_template_s_iva0_isp","",""
"fp_reagyp_a","","REAGYP - Agriculture","REAGYP - Agricultura","REAGYP - Agricultura","","","","","account_tax_template_p_iva4_bc","account_tax_template_p_iva12_agr","",""
"","","","","","","","","","account_tax_template_p_iva4_bc","account_tax_template_p_irpf2","",""
"","","","","","","","","","account_tax_template_p_iva0_s_bc","account_tax_template_p_iva12_agr","",""
"","","","","","","","","","account_tax_template_p_iva0_s_bc","account_tax_template_p_irpf2","",""
"fp_reagyp_gp","","REAGYP - animal breeding and fishing","REAGYP - Ganadería y pesca","REAGYP – Ramaderia i pesca","","","","","account_tax_template_p_iva4_bc","account_tax_template_p_iva105_gan","",""
"","","","","","","","","","account_tax_template_p_iva4_bc","account_tax_template_p_irpf2","",""
"fp_dua","","DUA","DUA","DUA","","","","","account_tax_template_p_iva4_bc","account_tax_template_p_iva4_ibc_group","",""
"","","","","","","","","","account_tax_template_p_iva10_bc","account_tax_template_p_iva10_ibc_group","",""
"","","","","","","","","","account_tax_template_p_iva21_bc","account_tax_template_p_iva21_ibc_group","",""
